[
    {
        "label":"文本输入",
        "children":[
            {"label":"普通文本","icon":"my-icon-sort-alpha-asc","type":"input","option":{"subtype":"text"}},
            {"label":"密码域","icon":"my-icon-lock","type":"input","option":{"subtype":"password"}},
            {"label":"数字","icon":"my-icon-sort-numeric-asc","type":"number"},
            {"label":"文本域","icon":"my-icon-file-text-o","type":"input","option":{"subtype":"textarea"},"disabled":true},
            {"label":"富文本","icon":"my-icon-indent","type":"richtext","disabled":true}
        ]
    },
    {
        "label":"值选取",
        "children":[
            {"label":"单选框","icon":"my-icon-dot-circle-o","type":"radio"},
            {"label":"开关","icon":"my-icon-toggle-on","type":"switch","option":{"subtype":"multiple"}},
            {"label":"日期","icon":"my-icon-calendar-check-o","type":"date"},
            {"label":"日期范围","icon":"my-icon-calendar","type":"date","option":{"subtype":"daterange"}}
        ]
    },
    {
        "label":"值集选项",
        "children":[
            {"label":"下拉选项","icon":"my-icon-toggle-down ","type":"select"},
            {"label":"多选框","icon":"my-icon-check-square-o","type":"checkbox"},
            {"label":"级联","icon":"my-icon-retweet","type":"cascader","disabled":true},
            {"label":"地区级联","icon":"my-icon-ravelry","type":"cascader","option":{"subtype":"area"},"disabled":true}
        ]
    },
    {
        "label":"按钮",
        "children":[
            {"label":"一般按钮","icon":"my-icon-th-large","type":"button"}
        ]
    }
]