[
    {
        "label":"折线图",
        "children":[
            {"label":"标准折线","icon":"my-icon-line-chart","type":"line","subtype":"standard"},
            {"label":"堆积折线","icon":"my-icon-line-chart","type":"line","subtype":"stack","disabled":true}
        ]
    },
    {
        "label":"柱状图",
        "children":[
            {"label":"标准柱状","icon":"my-icon-bar-chart","type":"bar","subtype":"standard"},
            {"label":"正负条形","icon":"my-icon-toggle-on","type":"bar","subtype":"plus"}
        ]
    },
    {
        "label":"散点图",
        "children":[
            {"label":"标准散点","icon":"my-icon-area-chart","type":"scatter","subtype":"standard","disabled":true},
            {"label":"标准气泡","icon":"my-icon-area-chart","type":"scatter","subtype":"bubble","disabled":true}
        ]
    },
    {
        "label":"K线图",
        "children":[
            {"label":"标准K线图","icon":"my-icon-line-chart","type":"k","subtype":"standard","disabled":true},
	    {"label":"多级K线图","icon":"my-icon-line-chart","type":"k","subtype":"level","disabled":true}
        ]
    },
    {
        "label":"饼图",
        "children":[
            {"label":"标准饼图","icon":"my-icon-pie-chart","type":"pie","subtype":"standard","disabled":true},
            {"label":"标准环形","icon":"my-icon-pie-chart","type":"pie","subtype":"annular","disabled":true}
        ]
    }
]
